Category Name,Category Name URL,Category Groups,CB Rank
Mechanical Design,https://www.crunchbase.com/category/mechanical-design,"Design, Hardware",
Flash Sale,https://www.crunchbase.com/category/flash-sale,Commerce and Shopping,
Gift,https://www.crunchbase.com/category/gift,Commerce and Shopping,
Education,https://www.crunchbase.com/category/education,Education,
Basketball,https://www.crunchbase.com/category/basketball,Sports,
Brewing,https://www.crunchbase.com/category/brewing,Food and Beverage,
Mobile Advertising,https://www.crunchbase.com/category/mobile-advertising,"Advertising, Sales and Marketing",
Flash Storage,https://www.crunchbase.com/category/flash-storage,Hardware,
Textbook,https://www.crunchbase.com/category/textbook,Education,
Embedded Software,https://www.crunchbase.com/category/embedded-software,Software,
Broadcasting,https://www.crunchbase.com/category/broadcasting,"Media and Entertainment, Video",
Foundries,https://www.crunchbase.com/category/foundries,Manufacturing,
Network Security,https://www.crunchbase.com/category/network-security,"Information Technology, Privacy and Security",
Audio,https://www.crunchbase.com/category/audio,"Media and Entertainment, Music and Audio",
Reservations,https://www.crunchbase.com/category/reservations,"Events, Media and Entertainment",
Millennials,https://www.crunchbase.com/category/millennials,,
Taxi Service,https://www.crunchbase.com/category/taxi-service,Transportation,
Quality Assurance,https://www.crunchbase.com/category/quality-assurance,,
Credit Bureau,https://www.crunchbase.com/category/credit-bureau,Financial Services,
SMS,https://www.crunchbase.com/category/sms,"Internet Services, Messaging and Telecommunications",
Leasing,https://www.crunchbase.com/category/leasing,Financial Services,
Video Editing,https://www.crunchbase.com/category/video-editing,"Content and Publishing, Media and Entertainment, Video",
Elder Care,https://www.crunchbase.com/category/elder-care,Health Care,
Real Time,https://www.crunchbase.com/category/real-time,,
Nuclear,https://www.crunchbase.com/category/nuclear,Science and Engineering,
Pharmaceutical,https://www.crunchbase.com/category/pharmaceutical,Health Care,
Facial Recognition,https://www.crunchbase.com/category/facial-recognition,"Data and Analytics, Software",
Desktop Apps,https://www.crunchbase.com/category/desktop-apps,,
DSP,https://www.crunchbase.com/category/dsp-0be5,Hardware,
Data Integration,https://www.crunchbase.com/category/data-integration-0c4a,"Data and Analytics, Information Technology, Software",
Management Information Systems,https://www.crunchbase.com/category/management-information-systems,Information Technology,
Subscription Service,https://www.crunchbase.com/category/subscription-service,,
Search Engine,https://www.crunchbase.com/category/search-engine-0d39,Internet Services,
Vacation Rental,https://www.crunchbase.com/category/vacation-rental,"Real Estate, Travel and Tourism",
Energy,https://www.crunchbase.com/category/energy-0ff0,Energy,
Fraud Detection,https://www.crunchbase.com/category/fraud-detection,"Financial Services, Payments, Privacy and Security",
Photography,https://www.crunchbase.com/category/photography,"Content and Publishing, Media and Entertainment",
Wired Telecommunications,https://www.crunchbase.com/category/wired-telecommunications,Messaging and Telecommunications,
Market Research,https://www.crunchbase.com/category/market-research,"Data and Analytics, Design",
Credit,https://www.crunchbase.com/category/credit,"Financial Services, Lending and Investments",
Wearables,https://www.crunchbase.com/category/wearables,"Consumer Electronics, Hardware",
Humanitarian,https://www.crunchbase.com/category/humanitarian,Community and Lifestyle,
Home Improvement,https://www.crunchbase.com/category/home-improvement,Real Estate,
Comics,https://www.crunchbase.com/category/comics,Consumer Goods,
Collection Agency,https://www.crunchbase.com/category/collection-agency,Administrative Services,
Nursing and Residential Care,https://www.crunchbase.com/category/nursing-and-residential-care,Health Care,
Ports and Harbors,https://www.crunchbase.com/category/ports-and-harbors,Transportation,
Food and Beverage,https://www.crunchbase.com/category/food-and-beverage,Food and Beverage,
Local Business,https://www.crunchbase.com/category/local-business,,
Music Label,https://www.crunchbase.com/category/music-label,"Media and Entertainment, Music and Audio",
Employee Benefits,https://www.crunchbase.com/category/employee-benefits,Health Care,
Parenting,https://www.crunchbase.com/category/parenting,Community and Lifestyle,
Food Trucks,https://www.crunchbase.com/category/food-trucks,Food and Beverage,
Biopharma,https://www.crunchbase.com/category/biopharma,"Biotechnology, Health Care, Science and Engineering",
Wood Processing,https://www.crunchbase.com/category/wood-processing,Manufacturing,
Micro Lending,https://www.crunchbase.com/category/micro-lending,"Financial Services, Lending and Investments",
Intelligent Systems,https://www.crunchbase.com/category/intelligent-systems,"Artificial Intelligence, Data and Analytics, Science and Engineering",
Ferry Service,https://www.crunchbase.com/category/ferry-service,Transportation,
Enterprise,https://www.crunchbase.com/category/enterprise,,
Domain Registrar,https://www.crunchbase.com/category/domain-registrar,Internet Services,
Energy Storage,https://www.crunchbase.com/category/energy-storage,Energy,
Music Streaming,https://www.crunchbase.com/category/music-streaming,"Internet Services, Media and Entertainment, Music and Audio",
NFC,https://www.crunchbase.com/category/nfc,Hardware,
Document Preparation,https://www.crunchbase.com/category/document-preparation,Administrative Services,
Freelance,https://www.crunchbase.com/category/freelance,Professional Services,
Crowdsourcing,https://www.crunchbase.com/category/crowdsourcing,,
Fertility,https://www.crunchbase.com/category/fertility,Health Care,
Bitcoin,https://www.crunchbase.com/category/bitcoin-1c16,"Financial Services, Payments, Software",
Trade Shows,https://www.crunchbase.com/category/trade-shows,Administrative Services,
Embedded Systems,https://www.crunchbase.com/category/embedded-systems,"Hardware, Science and Engineering, Software",
Diving,https://www.crunchbase.com/category/diving,Sports,
Blogging Platforms,https://www.crunchbase.com/category/blogging-platforms,"Content and Publishing, Media and Entertainment",
Chemical Engineering,https://www.crunchbase.com/category/chemical-engineering,Science and Engineering,
Fitness,https://www.crunchbase.com/category/fitness,Sports,
Water,https://www.crunchbase.com/category/water,Natural Resources,
CRM,https://www.crunchbase.com/category/crm,"Information Technology, Sales and Marketing, Software",
Ad Network,https://www.crunchbase.com/category/ad-network,Advertising,
Impact Investing,https://www.crunchbase.com/category/impact-investing,"Financial Services, Lending and Investments",
Funding Platform,https://www.crunchbase.com/category/funding-platform,"Financial Services, Lending and Investments",
Business Development,https://www.crunchbase.com/category/business-development,,
Blockchain,https://www.crunchbase.com/category/blockchain,,
Drones,https://www.crunchbase.com/category/drones,"Consumer Electronics, Consumer Goods, Hardware",
Therapeutics,https://www.crunchbase.com/category/therapeutics,Health Care,
Casual Games,https://www.crunchbase.com/category/casual-games,Gaming,
Semiconductor,https://www.crunchbase.com/category/semiconductor,"Hardware, Science and Engineering",
Contests,https://www.crunchbase.com/category/contests,Gaming,
GreenTech,https://www.crunchbase.com/category/greentech,Sustainability,
Men's,https://www.crunchbase.com/category/mens,,
Shipping,https://www.crunchbase.com/category/shipping,Transportation,
Collaboration,https://www.crunchbase.com/category/collaboration,,
Social Shopping,https://www.crunchbase.com/category/social-shopping,Commerce and Shopping,
Fruit,https://www.crunchbase.com/category/fruit-21b2,Food and Beverage,
Sex Industry,https://www.crunchbase.com/category/sex-industry,Community and Lifestyle,
Collaborative Consumption,https://www.crunchbase.com/category/collaborative-consumption-22fc,,
Consumer,https://www.crunchbase.com/category/consumer,,
Film Distribution,https://www.crunchbase.com/category/film-distribution,"Media and Entertainment, Video",
Archiving Service,https://www.crunchbase.com/category/archiving-service,Administrative Services,
EdTech,https://www.crunchbase.com/category/edtech,"Education, Software",
Procurement,https://www.crunchbase.com/category/procurement,Transportation,
Identity Management,https://www.crunchbase.com/category/identity-management,"Information Technology, Privacy and Security",
Speech Recognition,https://www.crunchbase.com/category/speech-recognition,"Data and Analytics, Software",
Social Media Marketing,https://www.crunchbase.com/category/social-media-marketing,Sales and Marketing,
Tobacco,https://www.crunchbase.com/category/tobacco,"Consumer Goods, Food and Beverage",
E-Commerce,https://www.crunchbase.com/category/e-commerce-275d,Commerce and Shopping,
Internet,https://www.crunchbase.com/category/internet,Internet Services,
Marketing,https://www.crunchbase.com/category/marketing-2795,Sales and Marketing,
Serious Games,https://www.crunchbase.com/category/serious-games,Gaming,
Oil and Gas,https://www.crunchbase.com/category/oil-and-gas,"Energy, Natural Resources",
Private Cloud,https://www.crunchbase.com/category/private-cloud,"Hardware, Information Technology, Internet Services, Software",
Chemical,https://www.crunchbase.com/category/chemical,Science and Engineering,
Web Development,https://www.crunchbase.com/category/web-development,Software,
File Sharing,https://www.crunchbase.com/category/file-sharing,Software,
Real Estate Investment,https://www.crunchbase.com/category/real-estate-investment,"Financial Services, Real Estate",
Gift Card,https://www.crunchbase.com/category/gift-card,"Commerce and Shopping, Financial Services",
Environmental Consulting,https://www.crunchbase.com/category/environmental-consulting,Professional Services,
Amusement Park and Arcade,https://www.crunchbase.com/category/amusement-park-and-arcade,Travel and Tourism,
Virtual World,https://www.crunchbase.com/category/virtual-world-2d1a,"Community and Lifestyle, Media and Entertainment, Software",
Sales Automation,https://www.crunchbase.com/category/sales-automation,"Information Technology, Sales and Marketing, Software",
Employment,https://www.crunchbase.com/category/employment,Professional Services,
B2C,https://www.crunchbase.com/category/b2c,,
Generation Y,https://www.crunchbase.com/category/generation-y,,
Alumni,https://www.crunchbase.com/category/alumni,,
Service Industry,https://www.crunchbase.com/category/service-industry,,
Business Intelligence,https://www.crunchbase.com/category/business-intelligence,Data and Analytics,
Virtual Assistant,https://www.crunchbase.com/category/virtual-assistant,Software,
Digital Media,https://www.crunchbase.com/category/digital-media-2f47,Media and Entertainment,
Performing Arts,https://www.crunchbase.com/category/performing-arts,Media and Entertainment,
Seafood,https://www.crunchbase.com/category/seafood,Food and Beverage,
Fossil Fuels,https://www.crunchbase.com/category/fossil-fuels,"Energy, Natural Resources",
Fuel,https://www.crunchbase.com/category/fuel,Energy,
Advanced Materials,https://www.crunchbase.com/category/advanced-materials,"Manufacturing, Science and Engineering",
Translation Service,https://www.crunchbase.com/category/translation-service,Professional Services,
Task Management,https://www.crunchbase.com/category/task-management,Software,
Corrections Facilities,https://www.crunchbase.com/category/corrections-facilities,Privacy and Security,
SEM,https://www.crunchbase.com/category/sem-3277,"Advertising, Internet Services, Sales and Marketing",
Pet,https://www.crunchbase.com/category/pet,Community and Lifestyle,
Emergency Medicine,https://www.crunchbase.com/category/emergency-medicine,Health Care,
Distillery,https://www.crunchbase.com/category/distillery,Food and Beverage,
Green Building,https://www.crunchbase.com/category/green-building,"Real Estate, Sustainability",
Mobile Payments,https://www.crunchbase.com/category/mobile-payments,"Financial Services, Mobile, Payments, Software",
Psychology,https://www.crunchbase.com/category/psychology,Health Care,
Skill Assessment,https://www.crunchbase.com/category/skill-assessment,Education,
Peer to Peer,https://www.crunchbase.com/category/peer-to-peer,,
Audiobooks,https://www.crunchbase.com/category/audiobooks,"Media and Entertainment, Music and Audio",
Trading Platform,https://www.crunchbase.com/category/trading-platform,"Financial Services, Lending and Investments",
Table Tennis,https://www.crunchbase.com/category/table-tennis,Sports,
Developer APIs,https://www.crunchbase.com/category/developer-apis,Software,
Timeshare,https://www.crunchbase.com/category/timeshare,"Real Estate, Travel and Tourism",
Medical Device,https://www.crunchbase.com/category/medical-device,Health Care,
Cosmetics,https://www.crunchbase.com/category/cosmetics,Consumer Goods,
Point of Sale,https://www.crunchbase.com/category/point-of-sale-37d6,Commerce and Shopping,
IT Infrastructure,https://www.crunchbase.com/category/it-infrastructure,Information Technology,
Consumer Goods,https://www.crunchbase.com/category/consumer-goods,Consumer Goods,
Recycling,https://www.crunchbase.com/category/recycling,Sustainability,
Travel Agency,https://www.crunchbase.com/category/travel-agency,Travel and Tourism,
Online Auctions,https://www.crunchbase.com/category/online-auctions,Commerce and Shopping,
Data Center,https://www.crunchbase.com/category/data-center,"Hardware, Information Technology",
Precious Metals,https://www.crunchbase.com/category/precious-metals,Natural Resources,
Content,https://www.crunchbase.com/category/content,Media and Entertainment,
Ad Targeting,https://www.crunchbase.com/category/ad-targeting,Advertising,
Consumer Reviews,https://www.crunchbase.com/category/consumer-reviews,Commerce and Shopping,
First Aid,https://www.crunchbase.com/category/first-aid,Health Care,
Google,https://www.crunchbase.com/category/google-3cb6,Platforms,
Higher Education,https://www.crunchbase.com/category/higher-education,Education,
CAD,https://www.crunchbase.com/category/cad-3cfd,"Design, Software",
Online Forums,https://www.crunchbase.com/category/online-forums,"Community and Lifestyle, Internet Services",
Timber,https://www.crunchbase.com/category/timber-3d5f,Natural Resources,
macOS,https://www.crunchbase.com/category/macos,"Platforms, Software",
Craft Beer,https://www.crunchbase.com/category/craft-beer,Food and Beverage,
Energy Management,https://www.crunchbase.com/category/energy-management,Energy,
Network Hardware,https://www.crunchbase.com/category/network-hardware,Hardware,
Ethereum,https://www.crunchbase.com/category/ethereum-3e04,,
Marine Technology,https://www.crunchbase.com/category/3e0e2772-75e9-4f7b-aa6d-a8dc3dc9e7c6,Science and Engineering,
Health Care,https://www.crunchbase.com/category/health-care,Health Care,
Android,https://www.crunchbase.com/category/android-3f49,"Mobile, Platforms, Software",
Electric Vehicle,https://www.crunchbase.com/category/electric-vehicle,Transportation,
Teenagers,https://www.crunchbase.com/category/teenagers,,
Legal Tech,https://www.crunchbase.com/category/3fb898d3-4b96-418e-a58e-eaff8295e182,Professional Services,
Public Transportation,https://www.crunchbase.com/category/public-transportation,Transportation,
Social Entrepreneurship,https://www.crunchbase.com/category/social-entrepreneurship,Community and Lifestyle,
Mineral,https://www.crunchbase.com/category/mineral,Natural Resources,
Ad Exchange,https://www.crunchbase.com/category/ad-exchange,Advertising,
Robotics,https://www.crunchbase.com/category/robotics,"Hardware, Science and Engineering, Software",
GPU,https://www.crunchbase.com/category/gpu,Hardware,
Penetration Testing,https://www.crunchbase.com/category/penetration-testing,"Information Technology, Privacy and Security",
Cloud Infrastructure,https://www.crunchbase.com/category/cloud-infrastructure,"Hardware, Internet Services",
Online Games,https://www.crunchbase.com/category/online-games,Gaming,
Toys,https://www.crunchbase.com/category/toys,Consumer Goods,
Stock Exchanges,https://www.crunchbase.com/category/stock-exchanges,"Financial Services, Lending and Investments",
Content Marketing,https://www.crunchbase.com/category/content-marketing,Sales and Marketing,
Enterprise Applications,https://www.crunchbase.com/category/enterprise-applications,"Apps, Software",
Home Renovation,https://www.crunchbase.com/category/home-renovation,Real Estate,
MOOC,https://www.crunchbase.com/category/mooc,"Education, Software",
Cyber Security,https://www.crunchbase.com/category/cyber-security,"Information Technology, Privacy and Security",
TV Production,https://www.crunchbase.com/category/tv-production,"Media and Entertainment, Video",
Water Transportation,https://www.crunchbase.com/category/water-transportation,Transportation,
Genetics,https://www.crunchbase.com/category/genetics,"Biotechnology, Health Care",
Xbox,https://www.crunchbase.com/category/xbox,"Consumer Electronics, Hardware, Platforms",
Outdoors,https://www.crunchbase.com/category/outdoors,Sports,
Classifieds,https://www.crunchbase.com/category/classifieds,Commerce and Shopping,
Event Promotion,https://www.crunchbase.com/category/event-promotion,"Events, Media and Entertainment",
VoIP,https://www.crunchbase.com/category/voip-487d,"Information Technology, Internet Services, Messaging and Telecommunications",
Presentation Software,https://www.crunchbase.com/category/presentation-software,Software,
Fleet Management,https://www.crunchbase.com/category/fleet-management,Transportation,
Recruiting,https://www.crunchbase.com/category/recruiting,Professional Services,
Auto Insurance,https://www.crunchbase.com/category/auto-insurance,Financial Services,
Loyalty Programs,https://www.crunchbase.com/category/loyalty-programs,Sales and Marketing,
CMS,https://www.crunchbase.com/category/cms,"Information Technology, Software",
Skiing,https://www.crunchbase.com/category/skiing,Sports,
Winery,https://www.crunchbase.com/category/winery,Food and Beverage,
Consumer Applications,https://www.crunchbase.com/category/consumer-applications,"Apps, Software",
Quantified Self,https://www.crunchbase.com/category/quantified-self-4b52,"Biotechnology, Data and Analytics",
DIY,https://www.crunchbase.com/category/diy-4b6c,Consumer Goods,
SEO,https://www.crunchbase.com/category/seo,"Internet Services, Sales and Marketing",
Auctions,https://www.crunchbase.com/category/auctions,Commerce and Shopping,
Rehabilitation,https://www.crunchbase.com/category/rehabilitation,Health Care,
Security,https://www.crunchbase.com/category/security-4c60,Privacy and Security,
Mining,https://www.crunchbase.com/category/mining-4ce2,Natural Resources,
Contact Management,https://www.crunchbase.com/category/contact-management,"Information Technology, Software",
Edutainment,https://www.crunchbase.com/category/edutainment,"Education, Media and Entertainment",
Secondary Education,https://www.crunchbase.com/category/secondary-education,Education,
Fantasy Sports,https://www.crunchbase.com/category/fantasy-sports,"Gaming, Sports",
Podcast,https://www.crunchbase.com/category/podcast,"Media and Entertainment, Music and Audio",
Spam Filtering,https://www.crunchbase.com/category/spam-filtering,Information Technology,
Financial Exchanges,https://www.crunchbase.com/category/financial-exchanges,"Financial Services, Lending and Investments",
Sex Tech,https://www.crunchbase.com/category/sex-tech,"Hardware, Software",
Restaurants,https://www.crunchbase.com/category/restaurants,Food and Beverage,
Nightclubs,https://www.crunchbase.com/category/nightclubs,"Events, Media and Entertainment",
Electronic Design Automation (EDA),https://www.crunchbase.com/category/electronic-design-automation-eda,"Hardware, Software",
Indoor Positioning,https://www.crunchbase.com/category/indoor-positioning,Navigation and Mapping,
Reading Apps,https://www.crunchbase.com/category/reading-apps,"Apps, Software",
Equestrian,https://www.crunchbase.com/category/equestrian,Agriculture and Farming,
Social Media,https://www.crunchbase.com/category/social-media,"Internet Services, Media and Entertainment",
Commercial Insurance,https://www.crunchbase.com/category/commercial-insurance,Financial Services,
Film Production,https://www.crunchbase.com/category/film-production,"Media and Entertainment, Video",
Life Insurance,https://www.crunchbase.com/category/life-insurance,Financial Services,
Personal Finance,https://www.crunchbase.com/category/personal-finance,Financial Services,
Personal Branding,https://www.crunchbase.com/category/personal-branding,Sales and Marketing,
Satellite Communication,https://www.crunchbase.com/category/satellite-communication,Hardware,
Theatre,https://www.crunchbase.com/category/theatre,Media and Entertainment,
Web Hosting,https://www.crunchbase.com/category/web-hosting,Internet Services,
Content Discovery,https://www.crunchbase.com/category/content-discovery,"Content and Publishing, Media and Entertainment",
Personalization,https://www.crunchbase.com/category/personalization,,
Railroad,https://www.crunchbase.com/category/railroad,Transportation,
SNS,https://www.crunchbase.com/category/sns,Software,
Made to Order,https://www.crunchbase.com/category/made-to-order-56eb,Commerce and Shopping,
Home Services,https://www.crunchbase.com/category/home-services,Real Estate,
Consumer Software,https://www.crunchbase.com/category/consumer-software,Software,
Printing,https://www.crunchbase.com/category/printing,"Content and Publishing, Media and Entertainment",
Biotechnology,https://www.crunchbase.com/category/biotechnology,"Biotechnology, Science and Engineering",
Limousine Service,https://www.crunchbase.com/category/limousine-service,Transportation,
Staffing Agency,https://www.crunchbase.com/category/staffing-agency,Administrative Services,
Environmental Engineering,https://www.crunchbase.com/category/environmental-engineering-5941,"Science and Engineering, Sustainability",
American Football,https://www.crunchbase.com/category/american-football,Sports,
Outsourcing,https://www.crunchbase.com/category/outsourcing-59ca,Professional Services,
Facebook,https://www.crunchbase.com/category/facebook-59d1,Platforms,
Crowdfunding,https://www.crunchbase.com/category/crowdfunding,Financial Services,
Transaction Processing,https://www.crunchbase.com/category/transaction-processing,"Financial Services, Payments, Software",
Publishing,https://www.crunchbase.com/category/publishing,"Content and Publishing, Media and Entertainment",
SaaS,https://www.crunchbase.com/category/saas-5c4e,Software,
Tourism,https://www.crunchbase.com/category/tourism,Travel and Tourism,
Document Management,https://www.crunchbase.com/category/document-management,"Information Technology, Software",
Adventure Travel,https://www.crunchbase.com/category/adventure-travel,Travel and Tourism,
Multi-level Marketing,https://www.crunchbase.com/category/multi-level-marketing,Sales and Marketing,
Application Performance Management,https://www.crunchbase.com/category/application-performance-management,"Data and Analytics, Software",
Recreational Vehicles,https://www.crunchbase.com/category/recreational-vehicles,Transportation,
App Marketing,https://www.crunchbase.com/category/app-marketing,Sales and Marketing,
Organic Food,https://www.crunchbase.com/category/organic-food,Food and Beverage,
Machine Learning,https://www.crunchbase.com/category/machine-learning,"Artificial Intelligence, Data and Analytics, Software",
Horticulture,https://www.crunchbase.com/category/horticulture,Agriculture and Farming,
Family,https://www.crunchbase.com/category/family,,
EBooks,https://www.crunchbase.com/category/ebooks,"Content and Publishing, Media and Entertainment",
Console Games,https://www.crunchbase.com/category/console-games,Gaming,
Funerals,https://www.crunchbase.com/category/funerals,Health Care,
Developer Tools,https://www.crunchbase.com/category/developer-tools,Software,
Marine Transportation,https://www.crunchbase.com/category/marine-transportation,Transportation,
College Recruiting,https://www.crunchbase.com/category/college-recruiting,"Administrative Services, Education",
RFID,https://www.crunchbase.com/category/rfid,Hardware,
Food Delivery,https://www.crunchbase.com/category/food-delivery,"Food and Beverage, Transportation",
Art,https://www.crunchbase.com/category/art,Media and Entertainment,
Surfing,https://www.crunchbase.com/category/surfing,Sports,
Diabetes,https://www.crunchbase.com/category/diabetes,Health Care,
RISC,https://www.crunchbase.com/category/risc,Hardware,
Hospital,https://www.crunchbase.com/category/hospital-650c,Health Care,
Rugby,https://www.crunchbase.com/category/rugby,Sports,
Nutrition,https://www.crunchbase.com/category/nutrition-654b,"Food and Beverage, Health Care",
Shopping,https://www.crunchbase.com/category/shopping,Commerce and Shopping,
Vending and Concessions,https://www.crunchbase.com/category/vending-and-concessions,Commerce and Shopping,
Ticketing,https://www.crunchbase.com/category/ticketing,"Events, Media and Entertainment",
Property Insurance,https://www.crunchbase.com/category/property-insurance,Financial Services,
Electrical Distribution,https://www.crunchbase.com/category/electrical-distribution,Energy,
Shoes,https://www.crunchbase.com/category/shoes,"Clothing and Apparel, Consumer Goods",
WebOS,https://www.crunchbase.com/category/webos,Platforms,
Banking,https://www.crunchbase.com/category/banking,"Financial Services, Lending and Investments",
Quantum Computing,https://www.crunchbase.com/category/68413bd1-e42d-4cf1-815b-62e64a6b922a,Science and Engineering,
Email,https://www.crunchbase.com/category/email,"Information Technology, Internet Services, Messaging and Telecommunications",
Paper Manufacturing,https://www.crunchbase.com/category/paper-manufacturing,Manufacturing,
Nightlife,https://www.crunchbase.com/category/nightlife-68e7,"Events, Media and Entertainment",
Women's,https://www.crunchbase.com/category/womens,,
Politics,https://www.crunchbase.com/category/politics,Government and Military,
Agriculture,https://www.crunchbase.com/category/agriculture,Agriculture and Farming,
Advertising,https://www.crunchbase.com/category/advertising-6cb6,"Advertising, Sales and Marketing",
Creative Agency,https://www.crunchbase.com/category/creative-agency,"Content and Publishing, Media and Entertainment",
Price Comparison,https://www.crunchbase.com/category/price-comparison,Commerce and Shopping,
Presentations,https://www.crunchbase.com/category/presentations,Software,
STEM Education,https://www.crunchbase.com/category/stem-education,"Education, Science and Engineering",
Reputation,https://www.crunchbase.com/category/reputation,Information Technology,
iOS,https://www.crunchbase.com/category/ios-6e02,"Mobile, Platforms, Software",
Debt Collections,https://www.crunchbase.com/category/debt-collections,"Administrative Services, Financial Services",
Snack Food,https://www.crunchbase.com/category/snack-food,Food and Beverage,
Photo Sharing,https://www.crunchbase.com/category/photo-sharing,"Content and Publishing, Media and Entertainment",
Digital Entertainment,https://www.crunchbase.com/category/digital-entertainment,Media and Entertainment,
Sensor,https://www.crunchbase.com/category/sensor,Hardware,
Industrial Manufacturing,https://www.crunchbase.com/category/industrial-manufacturing,Manufacturing,
Sales,https://www.crunchbase.com/category/sales,Sales and Marketing,
Beauty,https://www.crunchbase.com/category/beauty,Consumer Goods,
QR Codes,https://www.crunchbase.com/category/qr-codes,Software,
Application Specific Integrated Circuit (ASIC),https://www.crunchbase.com/category/application-specific-integrated-circuit-asic,Hardware,
Social Network,https://www.crunchbase.com/category/social-network-714d,Internet Services,
Charter Schools,https://www.crunchbase.com/category/charter-schools,Education,
Lead Management,https://www.crunchbase.com/category/lead-management,Sales and Marketing,
Coworking,https://www.crunchbase.com/category/coworking,Real Estate,
Car Sharing,https://www.crunchbase.com/category/car-sharing,Transportation,
Product Management,https://www.crunchbase.com/category/product-management,,
Advertising Platforms,https://www.crunchbase.com/category/advertising-platforms,Advertising,
Delivery Service,https://www.crunchbase.com/category/delivery-service-758d,Transportation,
Rental,https://www.crunchbase.com/category/rental,Commerce and Shopping,
Military,https://www.crunchbase.com/category/military,"Government and Military, Information Technology",
Jewelry,https://www.crunchbase.com/category/jewelry,Consumer Goods,
3D Technology,https://www.crunchbase.com/category/3d-technology,"Hardware, Software",
Unified Communications,https://www.crunchbase.com/category/unified-communications-76fb,"Information Technology, Internet Services, Messaging and Telecommunications",
Marketplace,https://www.crunchbase.com/category/marketplace-772d,Commerce and Shopping,
Computer,https://www.crunchbase.com/category/computer,"Consumer Electronics, Hardware",
Homeland Security,https://www.crunchbase.com/category/homeland-security,Privacy and Security,
Cloud Computing,https://www.crunchbase.com/category/cloud-computing,"Internet Services, Software",
Non Profit,https://www.crunchbase.com/category/non-profit,,
Natural Language Processing,https://www.crunchbase.com/category/natural-language-processing,"Artificial Intelligence, Data and Analytics, Software",
UX Design,https://www.crunchbase.com/category/ux-design,Design,
Media and Entertainment,https://www.crunchbase.com/category/media-and-entertainment,Media and Entertainment,
Mobile Apps,https://www.crunchbase.com/category/mobile-apps,"Apps, Mobile, Software",
eSports,https://www.crunchbase.com/category/esports,Sports,
Racing,https://www.crunchbase.com/category/racing,Sports,
Consumer Research,https://www.crunchbase.com/category/consumer-research,"Data and Analytics, Design",
Management Consulting,https://www.crunchbase.com/category/management-consulting,Professional Services,
Drone Management,https://www.crunchbase.com/category/drone-management,"Hardware, Software",
Swimming,https://www.crunchbase.com/category/swimming,Sports,
Mining Technology,https://www.crunchbase.com/category/mining-technology,Natural Resources,
Nutraceutical,https://www.crunchbase.com/category/nutraceutical,Health Care,
Tennis,https://www.crunchbase.com/category/tennis,Sports,
Parking,https://www.crunchbase.com/category/parking,Transportation,
PC Games,https://www.crunchbase.com/category/pc-games,Gaming,
Association,https://www.crunchbase.com/category/association,,
Supply Chain Management,https://www.crunchbase.com/category/supply-chain-management,Transportation,
Call Center,https://www.crunchbase.com/category/call-center,Administrative Services,
Ad Retargeting,https://www.crunchbase.com/category/ad-retargeting,Advertising,
Q&A,https://www.crunchbase.com/category/qa,Community and Lifestyle,
Gambling,https://www.crunchbase.com/category/gambling,Gaming,
Animation,https://www.crunchbase.com/category/animation,"Media and Entertainment, Video",
Social,https://www.crunchbase.com/category/social,,
Guides,https://www.crunchbase.com/category/guides,Media and Entertainment,
Rental Property,https://www.crunchbase.com/category/rental-property,Real Estate,
Emerging Markets,https://www.crunchbase.com/category/emerging-markets,,
Assistive Technology,https://www.crunchbase.com/category/assistive-technology,Health Care,
Property Development,https://www.crunchbase.com/category/property-development,Real Estate,
Ride Sharing,https://www.crunchbase.com/category/ride-sharing,Transportation,
Celebrity,https://www.crunchbase.com/category/celebrity,Media and Entertainment,
ISP,https://www.crunchbase.com/category/isp,Internet Services,
Meeting Software,https://www.crunchbase.com/category/meeting-software,"Messaging and Telecommunications, Software",
Lending,https://www.crunchbase.com/category/lending,Financial Services,
Furniture,https://www.crunchbase.com/category/furniture,Consumer Goods,
Travel,https://www.crunchbase.com/category/travel,Travel and Tourism,
Delivery,https://www.crunchbase.com/category/delivery,Administrative Services,
TV,https://www.crunchbase.com/category/tv,"Media and Entertainment, Video",
Mobile Devices,https://www.crunchbase.com/category/mobile-devices,"Consumer Electronics, Hardware, Mobile",
Office Administration,https://www.crunchbase.com/category/office-administration,Administrative Services,
Travel Accommodations,https://www.crunchbase.com/category/travel-accommodations,Travel and Tourism,
Smart Home,https://www.crunchbase.com/category/smart-home-8900,"Consumer Electronics, Real Estate",
Credit Cards,https://www.crunchbase.com/category/credit-cards,"Financial Services, Lending and Investments, Payments",
Autonomous Vehicles,https://www.crunchbase.com/category/autonomous-vehicles,Transportation,
Augmented Reality,https://www.crunchbase.com/category/augmented-reality,"Hardware, Software",
Consumer Electronics,https://www.crunchbase.com/category/consumer-electronics,"Consumer Electronics, Hardware",
Commercial Real Estate,https://www.crunchbase.com/category/commercial-real-estate,Real Estate,
Aerospace,https://www.crunchbase.com/category/aerospace-8a20,Science and Engineering,
Farmers Market,https://www.crunchbase.com/category/farmers-market,Food and Beverage,
Collectibles,https://www.crunchbase.com/category/collectibles,Commerce and Shopping,
Prediction Markets,https://www.crunchbase.com/category/prediction-markets,Financial Services,
Health Diagnostics,https://www.crunchbase.com/category/health-diagnostics,Health Care,
Data Visualization,https://www.crunchbase.com/category/data-visualization,"Data and Analytics, Design, Information Technology, Software",
Messaging,https://www.crunchbase.com/category/messaging-8c62,"Information Technology, Internet Services, Messaging and Telecommunications",
Angel Investment,https://www.crunchbase.com/category/angel-investment,"Financial Services, Lending and Investments",
Clinical Trials,https://www.crunchbase.com/category/clinical-trials,Health Care,
Recipes,https://www.crunchbase.com/category/recipes,Food and Beverage,
CivicTech,https://www.crunchbase.com/category/civictech,"Government and Military, Information Technology",
Local,https://www.crunchbase.com/category/local-8ebe,,
Underserved Children,https://www.crunchbase.com/category/underserved-children,,
Biometrics,https://www.crunchbase.com/category/biometrics,"Biotechnology, Data and Analytics, Science and Engineering",
Business Information Systems,https://www.crunchbase.com/category/business-information-systems,Information Technology,
Financial Services,https://www.crunchbase.com/category/financial-services,Financial Services,
Medical,https://www.crunchbase.com/category/medical,Health Care,
Event Management,https://www.crunchbase.com/category/event-management,"Events, Media and Entertainment",
Shipping Broker,https://www.crunchbase.com/category/shipping-broker,Transportation,
Tea,https://www.crunchbase.com/category/tea,Food and Beverage,
Residential,https://www.crunchbase.com/category/residential,,
Building Material,https://www.crunchbase.com/category/building-material,Real Estate,
Human Resources,https://www.crunchbase.com/category/human-resources,,
In-Flight Entertainment,https://www.crunchbase.com/category/in-flight-entertainment,Media and Entertainment,
Industrial Engineering,https://www.crunchbase.com/category/industrial-engineering,"Manufacturing, Science and Engineering",
Retail Technology,https://www.crunchbase.com/category/retail-technology,"Commerce and Shopping, Hardware, Software",
E-Signature,https://www.crunchbase.com/category/e-signature,"Information Technology, Privacy and Security",
Courier Service,https://www.crunchbase.com/category/courier-service,"Administrative Services, Transportation",
Transportation,https://www.crunchbase.com/category/transportation,Transportation,
Baby,https://www.crunchbase.com/category/baby,,
Wedding,https://www.crunchbase.com/category/wedding,"Community and Lifestyle, Events",
Interior Design,https://www.crunchbase.com/category/interior-design,"Design, Real Estate",
Vocational Education,https://www.crunchbase.com/category/vocational-education,Education,
Food Processing,https://www.crunchbase.com/category/food-processing,Food and Beverage,
Ediscovery,https://www.crunchbase.com/category/ediscovery,Internet Services,
Natural Resources,https://www.crunchbase.com/category/natural-resources,"Natural Resources, Sustainability",
Social Media Management,https://www.crunchbase.com/category/social-media-management,"Internet Services, Sales and Marketing",
Law Enforcement,https://www.crunchbase.com/category/law-enforcement,"Government and Military, Privacy and Security",
Content Creators,https://www.crunchbase.com/category/content-creators,Media and Entertainment,
Personal Health,https://www.crunchbase.com/category/personal-health,Health Care,
Risk Management,https://www.crunchbase.com/category/risk-management,,
CleanTech,https://www.crunchbase.com/category/cleantech,Sustainability,
Analytics,https://www.crunchbase.com/category/analytics,Data and Analytics,
Incubators,https://www.crunchbase.com/category/incubators,"Financial Services, Lending and Investments",
Browser Extensions,https://www.crunchbase.com/category/browser-extensions,Software,
Electronic Health Record (EHR),https://www.crunchbase.com/category/electronic-health-record-ehr,Health Care,
Handmade,https://www.crunchbase.com/category/handmade-9af4,,
Life Science,https://www.crunchbase.com/category/life-science,"Biotechnology, Science and Engineering",
Direct Marketing,https://www.crunchbase.com/category/direct-marketing,Sales and Marketing,
Digital Marketing,https://www.crunchbase.com/category/digital-marketing-9bff,Sales and Marketing,
Data Mining,https://www.crunchbase.com/category/data-mining,"Data and Analytics, Information Technology",
Forestry,https://www.crunchbase.com/category/forestry-9c5d,Agriculture and Farming,
Enterprise Resource Planning (ERP),https://www.crunchbase.com/category/enterprise-resource-planning-erp,Software,
Wealth Management,https://www.crunchbase.com/category/wealth-management,Financial Services,
Fuel Cell,https://www.crunchbase.com/category/fuel-cell,Energy,
Lifestyle,https://www.crunchbase.com/category/lifestyle,Community and Lifestyle,
Direct Sales,https://www.crunchbase.com/category/direct-sales,Sales and Marketing,
Aquaculture,https://www.crunchbase.com/category/aquaculture,Agriculture and Farming,
Windows Phone,https://www.crunchbase.com/category/windows-phone-9f50,"Consumer Electronics, Hardware, Mobile, Platforms",
Livestock,https://www.crunchbase.com/category/livestock,Agriculture and Farming,
Wireless,https://www.crunchbase.com/category/wireless,"Hardware, Mobile",
App Discovery,https://www.crunchbase.com/category/app-discovery,"Apps, Sales and Marketing, Software",
Infrastructure,https://www.crunchbase.com/category/infrastructure,,
Sports,https://www.crunchbase.com/category/sports,Sports,
Product Design,https://www.crunchbase.com/category/product-design,Design,
Ultimate Frisbee,https://www.crunchbase.com/category/ultimate-frisbee,Sports,
Private Social Networking,https://www.crunchbase.com/category/private-social-networking,Community and Lifestyle,
Simulation,https://www.crunchbase.com/category/simulation,Software,
Small and Medium Businesses,https://www.crunchbase.com/category/small-and-medium-businesses,,
Music Venues,https://www.crunchbase.com/category/music-venues,Media and Entertainment,
Cycling,https://www.crunchbase.com/category/cycling,Sports,
Real Estate,https://www.crunchbase.com/category/real-estate,Real Estate,
Assisted Living,https://www.crunchbase.com/category/assisted-living,Health Care,
mHealth,https://www.crunchbase.com/category/mhealth,"Health Care, Mobile",
PaaS,https://www.crunchbase.com/category/paas,Software,
Intellectual Property,https://www.crunchbase.com/category/intellectual-property,Professional Services,
Hunting,https://www.crunchbase.com/category/hunting-a46c,Sports,
National Security,https://www.crunchbase.com/category/national-security,Government and Military,
Commercial Lending,https://www.crunchbase.com/category/commercial-lending,"Financial Services, Lending and Investments",
MMO Games,https://www.crunchbase.com/category/mmo-games-a4ef,Gaming,
Dietary Supplements,https://www.crunchbase.com/category/dietary-supplements,"Food and Beverage, Health Care",
Software Engineering,https://www.crunchbase.com/category/software-engineering,"Science and Engineering, Software",
Communication Hardware,https://www.crunchbase.com/category/communication-hardware,Hardware,
A/B Testing,https://www.crunchbase.com/category/ab-testing,Data and Analytics,
Casino,https://www.crunchbase.com/category/casino,Travel and Tourism,
Computer Vision,https://www.crunchbase.com/category/computer-vision,"Hardware, Software",
Logistics,https://www.crunchbase.com/category/logistics,Transportation,
Consumer Lending,https://www.crunchbase.com/category/consumer-lending,"Financial Services, Lending and Investments",
Local Advertising,https://www.crunchbase.com/category/local-advertising,"Advertising, Sales and Marketing",
Concerts,https://www.crunchbase.com/category/concerts,"Events, Media and Entertainment",
Water Purification,https://www.crunchbase.com/category/water-purification,Sustainability,
Twitter,https://www.crunchbase.com/category/twitter-aa86,Platforms,
Geospatial,https://www.crunchbase.com/category/geospatial-aac4,"Data and Analytics, Navigation and Mapping",
Soccer,https://www.crunchbase.com/category/soccer,Sports,
Sailing,https://www.crunchbase.com/category/sailing,Sports,
Shopping Mall,https://www.crunchbase.com/category/shopping-mall,Commerce and Shopping,
Bioinformatics,https://www.crunchbase.com/category/bioinformatics,"Biotechnology, Data and Analytics, Science and Engineering",
Freight Service,https://www.crunchbase.com/category/freight-service,Transportation,
Semantic Web,https://www.crunchbase.com/category/semantic-web,Internet Services,
Darknet,https://www.crunchbase.com/category/darknet,Internet Services,
Facility Management,https://www.crunchbase.com/category/facility-management,Real Estate,
Web Browsers,https://www.crunchbase.com/category/web-browsers,"Internet Services, Software",
Accounting,https://www.crunchbase.com/category/accounting,"Financial Services, Professional Services",
Visual Search,https://www.crunchbase.com/category/visual-search,Internet Services,
Ad Server,https://www.crunchbase.com/category/ad-server,Advertising,
Cloud Management,https://www.crunchbase.com/category/cloud-management,"Information Technology, Internet Services, Software",
Finance,https://www.crunchbase.com/category/finance,Financial Services,
3D Printing,https://www.crunchbase.com/category/3d-printing,Manufacturing,
Resorts,https://www.crunchbase.com/category/resorts,Travel and Tourism,
Apps,https://www.crunchbase.com/category/apps,"Apps, Software",
Cosmetic Surgery,https://www.crunchbase.com/category/cosmetic-surgery,Health Care,
Gamification,https://www.crunchbase.com/category/gamification-af92,Gaming,
Image Recognition,https://www.crunchbase.com/category/image-recognition,"Data and Analytics, Software",
Sporting Goods,https://www.crunchbase.com/category/sporting-goods,"Commerce and Shopping, Sports",
Business Travel,https://www.crunchbase.com/category/business-travel,Travel and Tourism,
Parks,https://www.crunchbase.com/category/parks,Travel and Tourism,
Legal,https://www.crunchbase.com/category/legal,Professional Services,
Video Streaming,https://www.crunchbase.com/category/video-streaming,"Content and Publishing, Media and Entertainment, Video",
Cause Marketing,https://www.crunchbase.com/category/cause-marketing,Sales and Marketing,
Virtual Goods,https://www.crunchbase.com/category/virtual-goods,"Commerce and Shopping, Software",
Data Storage,https://www.crunchbase.com/category/data-storage,"Hardware, Software",
Flowers,https://www.crunchbase.com/category/flowers,Consumer Goods,
Web Apps,https://www.crunchbase.com/category/web-apps,"Apps, Software",
Venture Capital,https://www.crunchbase.com/category/venture-capital-b37d,"Financial Services, Lending and Investments",
Commercial,https://www.crunchbase.com/category/commercial,,
GPS,https://www.crunchbase.com/category/gps,"Hardware, Navigation and Mapping",
Baseball,https://www.crunchbase.com/category/baseball,Sports,
Cloud Storage,https://www.crunchbase.com/category/cloud-storage,Internet Services,
Outdoor Advertising,https://www.crunchbase.com/category/outdoor-advertising,"Advertising, Sales and Marketing",
Social Recruiting,https://www.crunchbase.com/category/social-recruiting-b53b,Professional Services,
Last Mile Transportation,https://www.crunchbase.com/category/b561fa84-cb20-4a82-a6bc-fea613d74cdd,Transportation,
Vertical Search,https://www.crunchbase.com/category/vertical-search,Internet Services,
Space Travel,https://www.crunchbase.com/category/space-travel-b590,Transportation,
Confectionery,https://www.crunchbase.com/category/confectionery,Food and Beverage,
Children,https://www.crunchbase.com/category/children,,
Retail,https://www.crunchbase.com/category/retail,Commerce and Shopping,
Virtual Workforce,https://www.crunchbase.com/category/virtual-workforce,Administrative Services,
Wind Energy,https://www.crunchbase.com/category/wind-energy,"Energy, Natural Resources, Sustainability",
Insurance,https://www.crunchbase.com/category/insurance,Financial Services,
Dating,https://www.crunchbase.com/category/dating,Community and Lifestyle,
IT Management,https://www.crunchbase.com/category/it-management,Information Technology,
Social Assistance,https://www.crunchbase.com/category/social-assistance,Government and Military,
Location Based Services,https://www.crunchbase.com/category/location-based-services,"Data and Analytics, Internet Services, Navigation and Mapping",
IaaS,https://www.crunchbase.com/category/iaas,Software,
Consulting,https://www.crunchbase.com/category/consulting,,
GovTech,https://www.crunchbase.com/category/govtech-b9c9,"Government and Military, Information Technology",
Content Delivery Network,https://www.crunchbase.com/category/content-delivery-network,Content and Publishing,
Hydroponics,https://www.crunchbase.com/category/hydroponics,Agriculture and Farming,
Coffee,https://www.crunchbase.com/category/coffee-bad7,Food and Beverage,
Semantic Search,https://www.crunchbase.com/category/semantic-search,Internet Services,
Automotive,https://www.crunchbase.com/category/automotive,Transportation,
Debit Cards,https://www.crunchbase.com/category/debit-cards,"Financial Services, Payments",
Sponsorship,https://www.crunchbase.com/category/sponsorship,Sales and Marketing,
Communities,https://www.crunchbase.com/category/communities,Community and Lifestyle,
Elderly,https://www.crunchbase.com/category/elderly,,
Recreation,https://www.crunchbase.com/category/recreation,Sports,
Wholesale,https://www.crunchbase.com/category/wholesale,Commerce and Shopping,
Cryptocurrency,https://www.crunchbase.com/category/cryptocurrency,"Financial Services, Payments, Software",
Professional Networking,https://www.crunchbase.com/category/professional-networking,"Community and Lifestyle, Professional Services",
Organic,https://www.crunchbase.com/category/organic-be0f,Sustainability,
Health Insurance,https://www.crunchbase.com/category/health-insurance,Financial Services,
Marketing Automation,https://www.crunchbase.com/category/marketing-automation,"Sales and Marketing, Software",
Digital Signage,https://www.crunchbase.com/category/digital-signage,Sales and Marketing,
Janitorial Service,https://www.crunchbase.com/category/janitorial-service,Real Estate,
Hardware,https://www.crunchbase.com/category/hardware,Hardware,
Social Impact,https://www.crunchbase.com/category/social-impact-bf5c,,
Video Chat,https://www.crunchbase.com/category/video-chat,"Information Technology, Internet Services, Messaging and Telecommunications",
Hedge Funds,https://www.crunchbase.com/category/hedge-funds,"Financial Services, Lending and Investments",
Facilities Support Services,https://www.crunchbase.com/category/facilities-support-services,Administrative Services,
Software,https://www.crunchbase.com/category/software,Software,
Optical Communication,https://www.crunchbase.com/category/optical-communication,Hardware,
Laundry and Dry-cleaning,https://www.crunchbase.com/category/laundry-and-dry-cleaning,Clothing and Apparel,
Self-Storage,https://www.crunchbase.com/category/self-storage,Real Estate,
Developer Platform,https://www.crunchbase.com/category/developer-platform,Software,
Knowledge Management,https://www.crunchbase.com/category/knowledge-management,,
Hotel,https://www.crunchbase.com/category/hotel,Travel and Tourism,
Physical Security,https://www.crunchbase.com/category/physical-security,"Administrative Services, Privacy and Security",
E-Commerce Platforms,https://www.crunchbase.com/category/e-commerce-platforms,"Commerce and Shopping, Internet Services",
Film,https://www.crunchbase.com/category/film-c333,"Media and Entertainment, Video",
Big Data,https://www.crunchbase.com/category/big-data,Data and Analytics,
Solar,https://www.crunchbase.com/category/solar-c3d5,"Energy, Natural Resources, Sustainability",
Corporate Training,https://www.crunchbase.com/category/corporate-training,Education,
Wellness,https://www.crunchbase.com/category/wellness,Health Care,
Career Planning,https://www.crunchbase.com/category/career-planning,Professional Services,
Volley Ball,https://www.crunchbase.com/category/volley-ball,Sports,
Artificial Intelligence,https://www.crunchbase.com/category/artificial-intelligence,"Artificial Intelligence, Data and Analytics, Science and Engineering, Software",
Housekeeping Service,https://www.crunchbase.com/category/housekeeping-service,Administrative Services,
Field Support,https://www.crunchbase.com/category/field-support,,
Database,https://www.crunchbase.com/category/database,"Data and Analytics, Software",
Video,https://www.crunchbase.com/category/video,"Media and Entertainment, Video",
Lingerie,https://www.crunchbase.com/category/lingerie,"Clothing and Apparel, Consumer Goods",
Journalism,https://www.crunchbase.com/category/journalism,"Content and Publishing, Media and Entertainment",
Smart Building,https://www.crunchbase.com/category/smart-building,Real Estate,
Property Management,https://www.crunchbase.com/category/property-management,Real Estate,
Building Maintenance,https://www.crunchbase.com/category/building-maintenance,Real Estate,
Virtual Desktop,https://www.crunchbase.com/category/virtual-desktop,Software,
Advice,https://www.crunchbase.com/category/advice,Media and Entertainment,
Home Decor,https://www.crunchbase.com/category/home-decor-c954,Real Estate,
Local Shopping,https://www.crunchbase.com/category/local-shopping,Commerce and Shopping,
Predictive Analytics,https://www.crunchbase.com/category/predictive-analytics-ca83,"Artificial Intelligence, Data and Analytics, Software",
Wine And Spirits,https://www.crunchbase.com/category/wine-and-spirits,Food and Beverage,
Animal Feed,https://www.crunchbase.com/category/animal-feed,Agriculture and Farming,
Charity,https://www.crunchbase.com/category/charity,,
Tour Operator,https://www.crunchbase.com/category/tour-operator,Travel and Tourism,
Machinery Manufacturing,https://www.crunchbase.com/category/machinery-manufacturing,Manufacturing,
Fast-Moving Consumer Goods,https://www.crunchbase.com/category/fast-moving-consumer-goods,"Consumer Goods, Real Estate",
Smart Cities,https://www.crunchbase.com/category/ce11fd97-65a0-4f8c-b385-2ca48f444479,Real Estate,
Playstation,https://www.crunchbase.com/category/playstation,"Consumer Electronics, Hardware, Platforms",
Personal Development,https://www.crunchbase.com/category/personal-development,Education,
Laser,https://www.crunchbase.com/category/laser,"Hardware, Science and Engineering",
Government,https://www.crunchbase.com/category/government,Government and Military,
Cloud Data Services,https://www.crunchbase.com/category/cloud-data-services,"Information Technology, Internet Services",
Warehousing,https://www.crunchbase.com/category/warehousing,Transportation,
Fashion,https://www.crunchbase.com/category/fashion,"Clothing and Apparel, Design",
Musical Instruments,https://www.crunchbase.com/category/musical-instruments,"Media and Entertainment, Music and Audio",
Plastics and Rubber Manufacturing,https://www.crunchbase.com/category/plastics-and-rubber-manufacturing,Manufacturing,
Extermination Service,https://www.crunchbase.com/category/extermination-service,Administrative Services,
Civil Engineering,https://www.crunchbase.com/category/civil-engineering,Science and Engineering,
Nanotechnology,https://www.crunchbase.com/category/nanotechnology,Science and Engineering,
Brand Marketing,https://www.crunchbase.com/category/brand-marketing,Sales and Marketing,
Scheduling,https://www.crunchbase.com/category/scheduling,"Information Technology, Software",
Mapping Services,https://www.crunchbase.com/category/mapping-services,Navigation and Mapping,
Enterprise Software,https://www.crunchbase.com/category/enterprise-software,Software,
LGBT,https://www.crunchbase.com/category/lgbt,,
Public Relations,https://www.crunchbase.com/category/public-relations,Sales and Marketing,
Navigation,https://www.crunchbase.com/category/navigation,Navigation and Mapping,
Events,https://www.crunchbase.com/category/events,"Events, Media and Entertainment",
Music Education,https://www.crunchbase.com/category/music-education,"Education, Media and Entertainment, Music and Audio",
Same Day Delivery,https://www.crunchbase.com/category/same-day-delivery,Transportation,
Cannabis,https://www.crunchbase.com/category/cannabis,"Community and Lifestyle, Food and Beverage, Health Care",
Museums and Historical Sites,https://www.crunchbase.com/category/museums-and-historical-sites,Travel and Tourism,
B2B,https://www.crunchbase.com/category/b2b,,
Air Transportation,https://www.crunchbase.com/category/air-transportation,Transportation,
Universities,https://www.crunchbase.com/category/universities,,
Asset Management,https://www.crunchbase.com/category/asset-management,Financial Services,
Music,https://www.crunchbase.com/category/music,"Media and Entertainment, Music and Audio",
Linux,https://www.crunchbase.com/category/linux,"Platforms, Software",
Hockey,https://www.crunchbase.com/category/hockey,Sports,
Online Portals,https://www.crunchbase.com/category/online-portals,Internet Services,
Operating Systems,https://www.crunchbase.com/category/operating-systems,"Platforms, Software",
Bakery,https://www.crunchbase.com/category/bakery,Food and Beverage,
Dental,https://www.crunchbase.com/category/dental,Health Care,
Compliance,https://www.crunchbase.com/category/compliance-da6d,Professional Services,
Windows,https://www.crunchbase.com/category/windows,Platforms,
Video Games,https://www.crunchbase.com/category/video-games,Gaming,
Google Glass,https://www.crunchbase.com/category/google-glass,"Consumer Electronics, Hardware, Mobile, Platforms",
Outpatient Care,https://www.crunchbase.com/category/outpatient-care,Health Care,
News,https://www.crunchbase.com/category/news,"Content and Publishing, Media and Entertainment",
Project Management,https://www.crunchbase.com/category/project-management-db17,,
Cloud Security,https://www.crunchbase.com/category/cloud-security-db34,"Information Technology, Privacy and Security",
Information Technology,https://www.crunchbase.com/category/information-technology-dbca,Information Technology,
Eyewear,https://www.crunchbase.com/category/eyewear-dc77,Consumer Goods,
Group Buying,https://www.crunchbase.com/category/group-buying,Commerce and Shopping,
Professional Services,https://www.crunchbase.com/category/professional-services,,
Architecture,https://www.crunchbase.com/category/architecture,Real Estate,
Gaming,https://www.crunchbase.com/category/gaming,Gaming,
Billing,https://www.crunchbase.com/category/billing,"Payments, Software",
Internet Radio,https://www.crunchbase.com/category/internet-radio,"Media and Entertainment, Music and Audio",
Affiliate Marketing,https://www.crunchbase.com/category/affiliate-marketing,"Advertising, Sales and Marketing",
Language Learning,https://www.crunchbase.com/category/language-learning,Education,
Web Design,https://www.crunchbase.com/category/web-design,Design,
Usability Testing,https://www.crunchbase.com/category/usability-testing,"Data and Analytics, Design",
Video Conferencing,https://www.crunchbase.com/category/video-conferencing,"Hardware, Information Technology, Internet Services, Messaging and Telecommunications, Software",
Home and Garden,https://www.crunchbase.com/category/home-and-garden,Real Estate,
Social CRM,https://www.crunchbase.com/category/social-crm,"Information Technology, Sales and Marketing, Software",
Gift Exchange,https://www.crunchbase.com/category/gift-exchange,Commerce and Shopping,
Retirement,https://www.crunchbase.com/category/retirement,,
Religion,https://www.crunchbase.com/category/religion,Community and Lifestyle,
FinTech,https://www.crunchbase.com/category/fintech-e067,Financial Services,
Franchise,https://www.crunchbase.com/category/franchise,,
Video Advertising,https://www.crunchbase.com/category/video-advertising,"Advertising, Sales and Marketing",
Telecommunications,https://www.crunchbase.com/category/telecommunications,Hardware,
Electronics,https://www.crunchbase.com/category/electronics,"Consumer Electronics, Hardware",
Adult,https://www.crunchbase.com/category/adult,,
Privacy,https://www.crunchbase.com/category/privacy-e1a4,Privacy and Security,
Young Adults,https://www.crunchbase.com/category/young-adults,,
Information and Communications Technology (ICT),https://www.crunchbase.com/category/information-communications-technology-ict,Information Technology,
Farming,https://www.crunchbase.com/category/farming,Agriculture and Farming,
Industrial Design,https://www.crunchbase.com/category/industrial-design,"Design, Hardware",
InsurTech,https://www.crunchbase.com/category/insurtech,Financial Services,
Graphic Design,https://www.crunchbase.com/category/graphic-design-e362,Design,
Neuroscience,https://www.crunchbase.com/category/neuroscience-e37a,"Biotechnology, Science and Engineering",
Sustainability,https://www.crunchbase.com/category/sustainability-e391,Sustainability,
Roku,https://www.crunchbase.com/category/roku-e3bb,"Consumer Electronics, Hardware, Platforms",
Golf,https://www.crunchbase.com/category/golf,Sports,
Construction,https://www.crunchbase.com/category/construction,Real Estate,
Independent Music,https://www.crunchbase.com/category/independent-music,"Media and Entertainment, Music and Audio",
Catering,https://www.crunchbase.com/category/catering,Food and Beverage,
Renewable Energy,https://www.crunchbase.com/category/renewable-energy,"Energy, Sustainability",
Video on Demand,https://www.crunchbase.com/category/video-on-demand-e544,"Media and Entertainment, Video",
Training,https://www.crunchbase.com/category/training,Education,
Cooking,https://www.crunchbase.com/category/cooking,Food and Beverage,
Social News,https://www.crunchbase.com/category/social-news,Media and Entertainment,
Biofuel,https://www.crunchbase.com/category/biofuel,"Energy, Natural Resources, Sustainability",
Energy Efficiency,https://www.crunchbase.com/category/energy-efficiency,"Energy, Sustainability",
Sharing Economy,https://www.crunchbase.com/category/sharing-economy,,
Clean Energy,https://www.crunchbase.com/category/clean-energy,"Energy, Sustainability",
Text Analytics,https://www.crunchbase.com/category/text-analytics,"Data and Analytics, Software",
Hospitality,https://www.crunchbase.com/category/hospitality,Travel and Tourism,
Manufacturing,https://www.crunchbase.com/category/manufacturing,Manufacturing,
Tutoring,https://www.crunchbase.com/category/tutoring,Education,
E-Learning,https://www.crunchbase.com/category/e-learning,"Education, Software",
Mobile,https://www.crunchbase.com/category/mobile,Mobile,
Pollution Control,https://www.crunchbase.com/category/pollution-control,Sustainability,
Lighting,https://www.crunchbase.com/category/lighting,Hardware,
Intrusion Detection,https://www.crunchbase.com/category/intrusion-detection,"Information Technology, Privacy and Security",
Social Media Advertising,https://www.crunchbase.com/category/social-media-advertising,"Advertising, Sales and Marketing",
Test and Measurement,https://www.crunchbase.com/category/test-and-measurement,Data and Analytics,
Waste Management,https://www.crunchbase.com/category/waste-management-ea5b,Sustainability,
Biomass Energy,https://www.crunchbase.com/category/biomass-energy,"Energy, Natural Resources, Sustainability",
Virtualization,https://www.crunchbase.com/category/virtualization,"Hardware, Information Technology, Software",
Open Source,https://www.crunchbase.com/category/open-source,Software,
Packaging Services,https://www.crunchbase.com/category/packaging-services,Administrative Services,
Grocery,https://www.crunchbase.com/category/grocery,Food and Beverage,
Data Center Automation,https://www.crunchbase.com/category/data-center-automation,"Hardware, Information Technology, Software",
Nintendo,https://www.crunchbase.com/category/nintendo-ed2c,"Consumer Electronics, Hardware, Platforms",
Internet of Things,https://www.crunchbase.com/category/internet-of-things-ed3a,Internet Services,
Innovation Management,https://www.crunchbase.com/category/innovation-management,,
Virtual Currency,https://www.crunchbase.com/category/virtual-currency,"Financial Services, Payments, Software",
Primary Education,https://www.crunchbase.com/category/primary-education,Education,
Public Safety,https://www.crunchbase.com/category/public-safety,Government and Military,
Power Grid,https://www.crunchbase.com/category/power-grid,Energy,
Social Bookmarking,https://www.crunchbase.com/category/social-bookmarking,,
Generation Z,https://www.crunchbase.com/category/generation-z,,
Industrial,https://www.crunchbase.com/category/industrial,,
Veterinary,https://www.crunchbase.com/category/veterinary,Health Care,
Product Search,https://www.crunchbase.com/category/product-search,Internet Services,
Textiles,https://www.crunchbase.com/category/textiles,Manufacturing,
DRM,https://www.crunchbase.com/category/drm,"Content and Publishing, Media and Entertainment, Privacy and Security",
Product Research,https://www.crunchbase.com/category/product-research,"Data and Analytics, Design",
Communications Infrastructure,https://www.crunchbase.com/category/communications-infrastructure,Hardware,
Boating,https://www.crunchbase.com/category/boating,Sports,
Coupons,https://www.crunchbase.com/category/coupons,Commerce and Shopping,
Green Consumer Goods,https://www.crunchbase.com/category/green-consumer-goods,"Consumer Goods, Sustainability",
Continuing Education,https://www.crunchbase.com/category/continuing-education,Education,
Field-Programmable Gate Array (FPGA),https://www.crunchbase.com/category/field-programmable-gate-array-fpga,Hardware,
Motion Capture,https://www.crunchbase.com/category/motion-capture,"Media and Entertainment, Video",
Virtual Reality,https://www.crunchbase.com/category/virtual-reality,"Hardware, Software",
Leisure,https://www.crunchbase.com/category/leisure,Community and Lifestyle,
Content Syndication,https://www.crunchbase.com/category/content-syndication,"Content and Publishing, Media and Entertainment",
Productivity Tools,https://www.crunchbase.com/category/productivity-tools,Software,
Cricket,https://www.crunchbase.com/category/cricket,Sports,
Information Services,https://www.crunchbase.com/category/information-services-f579,Information Technology,
Payments,https://www.crunchbase.com/category/payments,"Financial Services, Payments",
Child Care,https://www.crunchbase.com/category/child-care,Health Care,
Battery,https://www.crunchbase.com/category/battery,Energy,
Gift Registry,https://www.crunchbase.com/category/gift-registry,Commerce and Shopping,
Email Marketing,https://www.crunchbase.com/category/email-marketing,Sales and Marketing,
Freemium,https://www.crunchbase.com/category/freemium,,
Mechanical Engineering,https://www.crunchbase.com/category/mechanical-engineering,Science and Engineering,
Photo Editing,https://www.crunchbase.com/category/photo-editing,"Content and Publishing, Media and Entertainment",
Technical Support,https://www.crunchbase.com/category/technical-support,,
Homeless Shelter,https://www.crunchbase.com/category/homeless-shelter,,
Industrial Automation,https://www.crunchbase.com/category/industrial-automation,"Manufacturing, Science and Engineering",
Tizen,https://www.crunchbase.com/category/tizen-f9f2,Platforms,
AgTech,https://www.crunchbase.com/category/agtech,Agriculture and Farming,
Human Computer Interaction,https://www.crunchbase.com/category/human-computer-interaction,"Design, Science and Engineering",
Customer Service,https://www.crunchbase.com/category/customer-service,,
Alternative Medicine,https://www.crunchbase.com/category/alternative-medicine,Health Care,
Home Health Care,https://www.crunchbase.com/category/home-health-care,Health Care,
Landscaping,https://www.crunchbase.com/category/landscaping,Real Estate,
Lead Generation,https://www.crunchbase.com/category/lead-generation,Sales and Marketing,
